canonical_name,slug,aliases,cluster,place_type,coordinates,source_url,checked_date,distance_from_office_straight_line_km,practical_road_distance_km,boundary_status,actual_tutor_coverage,confidence,publication_eligibility,route_notes
Hadapsar,hadapsar,Hadapsar Pune | Hadapsar Central,Hadapsar Core,Sublocality / Residential Hub,"18.5089, 73.9259",https://www.openstreetmap.org/node/317025128,2026-10-08,3.77,4.6,inside_10km,verified_home_and_online,high,approved_public,Primary operational hub with direct 1-on-1 home visit faculty and administrative coordination at Saptrang Akash.
Hadapsar Gadital,hadapsar-gadital,Gadital | Gadital Hadapsar,Hadapsar Core,Sublocality / Residential Hub,"18.4988, 73.9389",https://www.openstreetmap.org/#map=16/18.4988/73.9389,2026-10-08,2,2.5,inside_10km,verified_home_and_online,high,approved_public,Major Hadapsar transit junction 2.5 km by road from Saptrang Akash; fast evening tutor dispatch.
Sasane Nagar,sasane-nagar,Sasane Nagar Hadapsar,Hadapsar Core,Sublocality / Residential Hub,"18.4912, 73.9348",https://www.openstreetmap.org/#map=16/18.4912/73.9348,2026-10-08,1.94,2.4,inside_10km,verified_home_and_online,high,approved_public,Direct internal road access from Tukai Darshan/Kalepadal without crossing major highway bottlenecks.
Malwadi,malwadi,Malwadi Hadapsar | DP Road Hadapsar,Hadapsar Core,Sublocality / Residential Hub,"18.5028, 73.9324",https://www.openstreetmap.org/#map=16/18.5028/73.9324,2026-10-08,2.8,3.5,inside_10km,verified_home_and_online,high,approved_public,Well-connected residential pocket between Gadital and Amanora approach road.
Satavwadi,satavwadi,Satavwadi Hadapsar,Hadapsar Core,Residential Pocket / Wasti,"18.4962, 73.9415",https://www.openstreetmap.org/#map=16/18.4962/73.9415,2026-10-08,1.6,2.1,inside_10km,verified_home_and_online,high,approved_public,Located immediately north-west of the Saptrang Akash / Tukai Darshan sector.
Gondhale Nagar,gondhale-nagar,Gondhalenagar | Gondhale Nagar Hadapsar,Hadapsar Core,Sublocality / Residential Hub,"18.5015, 73.9418",https://www.openstreetmap.org/#map=16/18.5015/73.9418,2026-10-08,2.04,2.8,inside_10km,verified_home_and_online,high,approved_public,Short 2.8 km commute from office; high tutor availability across morning and evening slots.
Kalepadal,kalepadal,Kale Padal | Kaleborate Nagar,Hadapsar Core,Sublocality / Residential Hub,"18.4878, 73.9392",https://www.openstreetmap.org/#map=16/18.4878/73.9392,2026-10-08,1.4,1.9,inside_10km,verified_home_and_online,high,approved_public,Adjacent residential pocket under 2 km road travel from Saptrang Akash HQ.
Satar Nagar,satar-nagar,Satarnagar Hadapsar,Hadapsar Core,Residential Pocket / Wasti,"18.4975, 73.9312",https://www.openstreetmap.org/#map=16/18.4975/73.9312,2026-10-08,2.57,3.3,inside_10km,verified_home_and_online,high,approved_public,Inside core 3.5 km road radius with reliable two-wheeler tutor connectivity.
Ramtekdi,ramtekdi,Ramtekdi Hadapsar,Hadapsar Core,Urban Corridor / Road,"18.5018, 73.9168",https://www.openstreetmap.org/#map=16/18.5018/73.9168,2026-10-08,4.14,5.2,inside_10km,verified_home_and_online,medium,approved_public,Direct highway corridor between Hadapsar and Fatima Nagar; home visits scheduled for residential pockets.
Magarpatta City,magarpatta-city,Magarpatta | Magarpatta Township,Townships & IT Hubs,Integrated Township,"18.5158, 73.9272",https://www.openstreetmap.org/#map=15/18.5158/73.9272,2026-10-08,4.23,5.5,inside_10km,verified_home_and_online,high,approved_public,Gated township access requires visitor gate pass confirmation by parents prior to trial and regular home sessions.
Amanora Park Town,amanora-park-town,Amanora | Amanora Township,Townships & IT Hubs,Integrated Township,"18.5192, 73.9412",https://www.openstreetmap.org/#map=15/18.5192/73.9412,2026-10-08,3.86,5.2,inside_10km,verified_home_and_online,high,approved_public,Tutors check in via MyGate/digital security at Amanora towers; evening 4 PM–9 PM and weekend slots active.
Sade Satra Nali,sade-satra-nali,Sadesatranali | Sade Satra Nali Hadapsar,Townships & IT Hubs,Sublocality / Residential Hub,"18.5114, 73.9445",https://www.openstreetmap.org/#map=16/18.5114/73.9445,2026-10-08,2.93,3.9,inside_10km,verified_home_and_online,high,approved_public,Located immediately south of Amanora Park Town; 3.9 km road travel from Hadapsar office.
Mundhwa,mundhwa,Mundhwa Pune | Kodre Nagar Mundhwa,Townships & IT Hubs,Sublocality / Residential Hub,"18.5328, 73.9325",https://www.openstreetmap.org/#map=15/18.5328/73.9325,2026-10-08,5.6,7.4,inside_10km,verified_home_and_online,high,approved_public,Peak evening traffic near Mundhwa Chowk is factored into tutor scheduling; buffer of 15 mins maintained between sessions.
Keshav Nagar,keshav-nagar,Keshavnagar Mundhwa,Townships & IT Hubs,Sublocality / Residential Hub,"18.5365, 73.9478",https://www.openstreetmap.org/#map=15/18.5365/73.9478,2026-10-08,5.62,7.8,inside_10km,verified_home_and_online,high,approved_public,Accessible via Amanora-Keshav Nagar internal roads avoiding main Mundhwa bridge congestion where possible.
Kharadi,kharadi,South Kharadi | Kharadi Bypass | EON Kharadi Fringe,Townships & IT Hubs,Sublocality / Residential Hub,"18.5515, 73.9418",https://www.openstreetmap.org/#map=15/18.5515/73.9418,2026-10-08,7.35,9.8,borderline_10km,borderline_home_and_online,medium,approved_public,"BORDERLINE COVERAGE NOTICE: Straight-line distance is 7.35 km, but practical road distance via Mundhwa Bridge is 9.8–11.5 km. In-person home visits are restricted to southern Kharadi societies near Mundhwa-Kharadi Bypass depending on faculty slot availability; live 1-on-1 online tuition is available across all Kharadi sectors."
Wanowrie,wanowrie,Wanwadi | Wanowrie Pune,South-East & Cantonment,Sublocality / Residential Hub,"18.4958, 73.9015",https://www.openstreetmap.org/#map=15/18.4958/73.9015,2026-10-08,5.47,6.8,inside_10km,verified_home_and_online,high,approved_public,"Strong tutor coverage along Wanowrie, Sacred Heart Town, and Kedari Nagar corridors."
Fatima Nagar,fatima-nagar,Fatimanagar | Fatima Nagar Wanowrie,South-East & Cantonment,Sublocality / Residential Hub,"18.5038, 73.9052",https://www.openstreetmap.org/#map=16/18.5038/73.9052,2026-10-08,5.35,6.5,inside_10km,verified_home_and_online,high,approved_public,Direct linear connectivity along NH-65 from Hadapsar HQ.
NIBM Road,nibm-road,NIBM | NIBM Annexe,South-East & Cantonment,Urban Corridor / Road,"18.4725, 73.9005",https://www.openstreetmap.org/#map=15/18.4725/73.9005,2026-10-08,5.68,7.3,inside_10km,verified_home_and_online,high,approved_public,"Connected via Kalepadal–Mohammadwadi internal road, bypassing Solapur Highway traffic."
Salunke Vihar,salunke-vihar,Salunke Vihar Road,South-East & Cantonment,Sublocality / Residential Hub,"18.4828, 73.9032",https://www.openstreetmap.org/#map=16/18.4828/73.9032,2026-10-08,5.2,6.7,inside_10km,verified_home_and_online,high,approved_public,Well-established residential enclave with regular afternoon and evening home tutor beats.
Handewadi,handewadi,Autadwadi Handewadi | Handewadi Road,South-East & Cantonment,Sublocality / Residential Hub,"18.4662, 73.9318",https://www.openstreetmap.org/#map=15/18.4662/73.9318,2026-10-08,3.1,4.1,inside_10km,verified_home_and_online,high,approved_public,Close 4.1 km road proximity to Saptrang Akash; includes Autadwadi Handewadi residential belt.
Satav Nagar,satav-nagar,Satavnagar Handewadi Road,South-East & Cantonment,Residential Pocket / Wasti,"18.4748, 73.9341",https://www.openstreetmap.org/#map=16/18.4748/73.9341,2026-10-08,2.3,3.1,inside_10km,verified_home_and_online,high,approved_public,Just 3.1 km by road from Hadapsar office; high tutor availability.
Mohammadwadi,mohammadwadi,Mohammed Wadi | Mohammad Wadi,South-East & Cantonment,Sublocality / Residential Hub,"18.4789, 73.9162",https://www.openstreetmap.org/#map=15/18.4789/73.9162,2026-10-08,3.9,5.1,inside_10km,verified_home_and_online,high,approved_public,Direct east-west road link from Kalepadal/Hadapsar; canonicalised from spelling variant Mohammed Wadi.
Undri,undri,Undri Pune | Undri Chowk,South-East & Cantonment,Sublocality / Residential Hub,"18.4568, 73.9182",https://www.openstreetmap.org/#map=15/18.4568/73.9182,2026-10-08,4.86,6.4,inside_10km,verified_home_and_online,high,approved_public,Smooth 6.4 km commute via Handewadi-Undri Road without entering central city congestion.
Pisoli,pisoli,Pisoli Road | Pisoli Undri,South-East & Cantonment,Sublocality / Residential Hub,"18.4495, 73.9078",https://www.openstreetmap.org/#map=15/18.4495/73.9078,2026-10-08,6.22,8.1,inside_10km,verified_home_and_online,medium,approved_public,8.1 km road travel via Handewadi-Undri corridor; home visits scheduled primarily in 3-days/week or alternate-day blocks.
Kondhwa,kondhwa,Kondhwa Khurd | Kondhwa Budruk | Kondhwa Main Road,South-East & Cantonment,Sublocality / Residential Hub,"18.4692, 73.8891",https://www.openstreetmap.org/#map=15/18.4692/73.8891,2026-10-08,6.93,9.2,borderline_10km,borderline_home_and_online,medium,approved_public,"BORDERLINE COVERAGE NOTICE: Straight-line distance is 6.93 km, with 8.5–9.8 km road travel. Home visits cover eastern Kondhwa / NIBM-Kondhwa link societies; western pockets towards Katraj-Kondhwa Bypass are served via live online sessions or subject to specific tutor route match."
BT Kawade Road,bt-kawade-road,B.T. Kawade Road | BT Kawade,South-East & Cantonment,Urban Corridor / Road,"18.5162, 73.9118",https://www.openstreetmap.org/#map=16/18.5162/73.9118,2026-10-08,5.43,6.9,inside_10km,verified_home_and_online,high,approved_public,6.9 km road distance connecting Solapur Highway to Ghorpadi; railway overbridge traffic accounted for in evening schedules.
Ghorpadi,ghorpadi,Ghorpadi Gaon | Ghorpadi Cantonment,South-East & Cantonment,Cantonment / Fringe Sector,"18.5228, 73.9065",https://www.openstreetmap.org/#map=15/18.5228/73.9065,2026-10-08,6.33,8.3,inside_10km,verified_home_and_online,medium,approved_public,Within 6.32 km straight-line and 8.3 km road distance; home tuition coordinated across Ghorpadi and Sopan Baug approach.
Lulla Nagar,lulla-nagar,Lullanagar,South-East & Cantonment,Sublocality / Residential Hub,"18.4855, 73.8912",https://www.openstreetmap.org/#map=16/18.4855/73.8912,2026-10-08,6.45,8.2,borderline_10km,borderline_home_and_online,medium,approved_public,BORDERLINE COVERAGE NOTICE: 6.45 km straight-line / 8.2 km road commute at the western edge of the Wanowrie belt. Home visits depend on tutor slot availability at Lulla Nagar Chowk; live online classes available immediately.
Phursungi,phursungi,Fursungi | Phursungi Road,Phursungi & Solapur Road,Sublocality / Residential Hub,"18.4772, 73.9698",https://www.openstreetmap.org/#map=15/18.4772/73.9698,2026-10-08,2.09,2.9,inside_10km,verified_home_and_online,high,approved_public,"Immediate eastern neighbour to Saptrang Akash HQ (2.09 km straight-line, 2.9 km road). Spelling alias ""Fursungi"" permanently redirects here."
Bhekrai Nagar,bhekrai-nagar,Bhekrainagar | Bhekrai Nagar Phursungi,Phursungi & Solapur Road,Sublocality / Residential Hub,"18.4785, 73.9562",https://www.openstreetmap.org/#map=16/18.4785/73.9562,2026-10-08,0.94,1.4,inside_10km,verified_home_and_online,high,approved_public,Under 1.5 km road distance from our registered administrative office; fastest doorstep tutor matching in East Pune.
Tukai Darshan,tukai-darshan,Tukai Darshan Hadapsar | Tukai Darshan Phursungi,Phursungi & Solapur Road,Sublocality / Residential Hub,"18.4852, 73.9518",https://www.openstreetmap.org/#map=16/18.4852/73.9518,2026-10-08,0.12,0.3,inside_10km,verified_home_and_online,high,approved_public,"Immediate home locality of Office 205, Saptrang Akash. Instant in-person parent consultations and home trial sessions."
Papde Wasti,papde-wasti,Papdewasti | Papde Wasti Phursungi,Phursungi & Solapur Road,Residential Pocket / Wasti,"18.4816, 73.9554",https://www.openstreetmap.org/#map=16/18.4816/73.9554,2026-10-08,0.6,0.9,inside_10km,verified_home_and_online,high,approved_public,Adjacent micro-pocket between Tukai Darshan and Bhekrai Nagar (<1 km road travel).
Shewalewadi,shewalewadi,Shewalewadi Solapur Road,Phursungi & Solapur Road,Sublocality / Residential Hub,"18.4954, 73.9752",https://www.openstreetmap.org/#map=15/18.4954/73.9752,2026-10-08,2.62,3.5,inside_10km,verified_home_and_online,high,approved_public,3.5 km along Pune-Solapur Road east of Manjari Phata; direct tutor access for Joyville and nearby societies.
Manjari Budruk,manjari-budruk,Manjari | Manjri | Manjari Bk,Phursungi & Solapur Road,Sublocality / Residential Hub,"18.5186, 73.9758",https://www.openstreetmap.org/#map=15/18.5186/73.9758,2026-10-08,4.37,5.8,inside_10km,verified_home_and_online,high,approved_public,5.8 km road distance; note railway crossing / flyover timing on Manjari Road during peak evening hours.
Uruli Devachi,uruli-devachi,Urali Devachi | Uruli Devachi Phata,Phursungi & Solapur Road,Peri-Urban / Village Panchayat,"18.4552, 73.9685",https://www.openstreetmap.org/#map=15/18.4552/73.9685,2026-10-08,3.84,5,inside_10km,verified_home_and_online,medium,approved_public,3.83 km straight-line and 5.0 km road distance south-east on Saswad Highway; home visits available for societies along main road.
Holkarwadi,holkarwadi,Holkarwadi Handewadi,Outer / Borderline Evaluation,Peri-Urban / Village Panchayat,"18.4512, 73.9415",https://www.openstreetmap.org/#map=15/18.4512/73.9415,2026-10-08,4.05,5.4,inside_10km,online_only_pending_home_verification,low_pending_owner,private_draft_needs_evidence,"Inside 10 km straight-line circle (4.05 km), but active doorstep tutor roster for interior Holkarwadi lanes is unverified. Held as private draft."
Wadki,wadki,Wadki Saswad Road,Outer / Borderline Evaluation,Peri-Urban / Village Panchayat,"18.4368, 73.9612",https://www.openstreetmap.org/#map=15/18.4368/73.9612,2026-10-08,5.57,7.2,inside_10km,online_only_pending_home_verification,low_pending_owner,private_draft_needs_evidence,"5.56 km straight-line along Saswad Hwy, but industrial/peri-urban stretch lacks verified evening home tutor coverage. Excluded from public routes."
Camp,camp,Pune Camp | MG Road Camp | Pune Cantonment,Outer / Borderline Evaluation,Cantonment / Fringe Sector,"18.5135, 73.8825",https://www.openstreetmap.org/#map=15/18.5135/73.8825,2026-10-08,7.97,9.9,borderline_10km,online_only_pending_home_verification,low_pending_owner,private_draft_needs_evidence,7.97 km straight-line / ~10 km road travel. Held in private draft pending owner confirmation of dedicated Cantonment West home faculty.
Manjari Khurd,manjari-khurd,Manjri Khurd,Outer / Borderline Evaluation,Peri-Urban / Village Panchayat,"18.5395, 73.9912",https://www.openstreetmap.org/#map=15/18.5395/73.9912,2026-10-08,7.21,10.6,borderline_10km,online_only_pending_home_verification,low_pending_owner,private_draft_needs_evidence,"7.20 km straight-line, but practical road distance exceeds 10.5 km via rural river approach. Excluded from public routes."
Koregaon Park,koregaon-park,KP Pune | North Main Road KP,Outer / Borderline Evaluation,Sublocality / Residential Hub,"18.5362, 73.894",https://www.openstreetmap.org/#map=15/18.5362/73.8940,2026-10-08,8.3,11.2,borderline_10km,online_only_pending_home_verification,low_pending_owner,private_draft_needs_evidence,"8.30 km straight-line, but 11.2 km practical road travel across congested Mundhwa/Ghorpadi bottlenecks. Excluded from public service-area pages."
Kalyani Nagar,kalyani-nagar,Kalyaninagar,Outer / Borderline Evaluation,Sublocality / Residential Hub,"18.5463, 73.9033",https://www.openstreetmap.org/#map=15/18.5463/73.9033,2026-10-08,8.46,11.6,borderline_10km,online_only_pending_home_verification,low_pending_owner,private_draft_needs_evidence,"8.45 km straight-line, but 11.6 km practical road commute across Mula-Mutha river bridge congestion. Excluded from public routes."
Wadgaon Sheri,wadgaon-sheri,Vadgaon Sheri,Outer / Borderline Evaluation,Sublocality / Residential Hub,"18.5528, 73.9188",https://www.openstreetmap.org/#map=15/18.5528/73.9188,2026-10-08,8.21,11.4,borderline_10km,online_only_pending_home_verification,low_pending_owner,private_draft_needs_evidence,"8.21 km straight-line, 11.4 km road distance north of river. Kept as private draft; excluded from sitemap."
Bibwewadi,bibwewadi,Bibvewadi,Outer / Borderline Evaluation,Sublocality / Residential Hub,"18.4721, 73.8652",https://www.openstreetmap.org/#map=15/18.4721/73.8652,2026-10-08,9.32,12.4,borderline_10km,online_only_pending_home_verification,low_pending_owner,private_draft_needs_evidence,"9.32 km straight-line, 12.4 km road distance. Exceeds practical home-visit transit threshold from Hadapsar HQ. Excluded from public routes."
Swargate,swargate,Swargate Pune,Outer / Borderline Evaluation,Sublocality / Residential Hub,"18.5018, 73.8636",https://www.openstreetmap.org/#map=15/18.5018/73.8636,2026-10-08,9.52,11.8,borderline_10km,online_only_pending_home_verification,low_pending_owner,private_draft_needs_evidence,"9.52 km straight-line, 11.8 km road distance into dense central Pune traffic. Excluded from public service-area pages."
Loni Kalbhor,loni-kalbhor,Loni Kalbhor Solapur Road | MIT Loni Kalbhor,Outer / Borderline Evaluation,Peri-Urban / Village Panchayat,"18.4892, 74.0235",https://www.openstreetmap.org/#map=15/18.4892/74.0235,2026-10-08,7.51,9.6,borderline_10km,online_only_pending_home_verification,low_pending_owner,private_draft_needs_evidence,"7.50 km straight-line east along NH-65, but highway toll corridor evening home-visit roster requires owner confirmation. Held as private draft."